,date,country,users,lower,upper,frac
0,2021-01-01,tr,78362,4706.0,185777.0,86
1,2021-01-02,tr,76707,37273.0,113655.0,83
2,2021-01-03,tr,73091,59302.0,110028.0,83
3,2021-01-04,tr,96428,80178.0,146259.0,84
4,2021-01-05,tr,79560,17261.0,200761.0,83
5,2021-01-07,tr,65910,13412.0,197894.0,84
6,2021-01-08,tr,60309,20975.0,147081.0,81
7,2021-01-09,tr,52236,0.0,144107.0,98
8,2021-01-11,tr,40366,0.0,481321.0,105
9,2021-01-12,tr,41476,0.0,296722.0,101
10,2021-01-13,tr,62786,,,83
11,2021-01-14,tr,62913,23269.0,113661.0,83
12,2021-01-15,tr,58605,18144.0,105588.0,81
13,2021-01-16,tr,76795,0.0,134871.0,82
14,2021-01-17,tr,87421,,,79
15,2021-01-18,tr,93087,0.0,143729.0,78
16,2021-01-19,tr,94713,0.0,121417.0,75
17,2021-01-21,tr,91339,0.0,140324.0,84
18,2021-01-22,tr,78779,23830.0,91006.0,84
19,2021-01-23,tr,79078,47196.0,102246.0,84
20,2021-01-24,tr,73734,47376.0,121567.0,85
21,2021-01-25,tr,73294,59457.0,120323.0,86
22,2021-01-26,tr,61520,10405.0,162657.0,88
23,2021-01-27,tr,51633,,,98
24,2021-01-28,tr,47162,0.0,374367.0,90
25,2021-01-29,tr,56114,47474.0,99159.0,90
26,2021-01-30,tr,51247,38673.0,105256.0,90
27,2021-01-31,tr,58650,40300.0,94836.0,90
28,2021-02-01,tr,97491,47780.0,97490.0,83
29,2021-02-02,tr,103447,38364.0,80319.0,81
30,2021-02-03,tr,98883,0.0,106235.0,80
31,2021-02-04,tr,93559,0.0,103280.0,80
32,2021-02-05,tr,84978,39374.0,79403.0,79
33,2021-02-06,tr,87171,36907.0,74043.0,80
34,2021-02-07,tr,93281,36849.0,82680.0,87
35,2021-02-08,tr,110494,61774.0,134470.0,84
36,2021-02-09,tr,130510,75899.0,146569.0,76
37,2021-02-10,tr,130301,59925.0,143489.0,77
38,2021-02-11,tr,113486,50159.0,129106.0,84
39,2021-02-12,tr,94389,24797.0,139069.0,84
40,2021-02-13,tr,84194,45150.0,122996.0,84
41,2021-02-14,tr,97278,45232.0,147478.0,85
42,2021-02-15,tr,209555,55193.0,159640.0,86
43,2021-02-16,tr,152962,82274.0,168650.0,81
44,2021-02-17,tr,105288,83901.0,169619.0,83
45,2021-02-18,tr,96140,85140.0,153195.0,82
46,2021-02-19,tr,89082,71239.0,122744.0,83
47,2021-02-20,tr,74641,60247.0,108940.0,82
48,2021-02-21,tr,121687,69082.0,129645.0,81
49,2021-02-22,tr,262706,154460.0,277410.0,85
50,2021-02-23,tr,119048,112058.0,190167.0,89
51,2021-02-24,tr,79514,71551.0,128950.0,93
52,2021-02-25,tr,77130,56100.0,124639.0,93
53,2021-02-26,tr,73774,62703.0,103980.0,93
54,2021-02-27,tr,65645,44365.0,95847.0,93
55,2021-02-28,tr,68817,65748.0,160136.0,94
56,2021-03-01,tr,75746,168940.0,351584.0,89
57,2021-03-02,tr,66127,87821.0,158537.0,84
58,2021-03-03,tr,65623,59053.0,103867.0,90
59,2021-03-04,tr,69901,51783.0,104499.0,89
60,2021-03-05,tr,65571,54301.0,98774.0,87
61,2021-03-06,tr,68496,43094.0,97360.0,87
62,2021-03-07,tr,68933,40028.0,107754.0,87
63,2021-03-08,tr,70931,43729.0,110987.0,85
64,2021-03-09,tr,68933,47121.0,90237.0,83
65,2021-03-10,tr,68818,49052.0,87901.0,86
66,2021-03-11,tr,69510,56674.0,87765.0,85
67,2021-03-12,tr,67690,44778.0,90576.0,86
68,2021-03-13,tr,62047,49224.0,87992.0,86
69,2021-03-14,tr,61904,48281.0,90182.0,86
70,2021-03-15,tr,60518,47791.0,97556.0,87
71,2021-03-16,tr,61011,46426.0,88609.0,82
72,2021-03-17,tr,62313,46061.0,90471.0,81
73,2021-03-18,tr,56455,44269.0,90857.0,85
74,2021-03-19,tr,58970,38307.0,95392.0,85
75,2021-03-20,tr,60051,35864.0,87475.0,85
76,2021-03-21,tr,55994,32497.0,90431.0,83
77,2021-03-22,tr,49926,25856.0,93970.0,81
78,2021-03-23,tr,65740,24787.0,99075.0,82
79,2021-03-24,tr,84543,32345.0,95797.0,82
80,2021-03-25,tr,81075,38370.0,77902.0,80
81,2021-03-26,tr,69829,39805.0,79474.0,81
82,2021-03-27,tr,63859,40066.0,76691.0,87
83,2021-03-28,tr,55493,35564.0,72938.0,84
84,2021-03-29,tr,60318,27088.0,63462.0,87
85,2021-03-30,tr,60809,33266.0,80573.0,88
86,2021-03-31,tr,61155,33671.0,115424.0,84
87,2021-04-01,tr,64213,28792.0,116897.0,82
88,2021-04-02,tr,65198,30258.0,94514.0,83
89,2021-04-03,tr,60896,32611.0,91282.0,83
90,2021-04-04,tr,56208,29347.0,80221.0,83
91,2021-04-05,tr,60423,39253.0,85082.0,83
92,2021-04-06,tr,62090,30458.0,103436.0,83
93,2021-04-07,tr,66248,33782.0,102383.0,82
94,2021-04-08,tr,79003,39718.0,98734.0,84
95,2021-04-09,tr,115682,44701.0,94330.0,84
96,2021-04-10,tr,128058,32009.0,96165.0,83
97,2021-04-11,tr,134007,29351.0,88312.0,83
98,2021-04-12,tr,124541,32008.0,96318.0,83
99,2021-04-13,tr,143315,37114.0,88922.0,83
100,2021-04-14,tr,124777,43528.0,86870.0,82
101,2021-04-15,tr,116948,55750.0,105485.0,83
102,2021-04-16,tr,104275,66359.0,173618.0,83
103,2021-04-17,tr,89969,69505.0,193591.0,83
104,2021-04-18,tr,78287,67703.0,198097.0,84
105,2021-04-19,tr,68166,66304.0,185524.0,85
106,2021-04-20,tr,23661,93759.0,188627.0,85
107,2021-04-21,tr,22258,84110.0,167343.0,84
108,2021-04-22,tr,18532,64770.0,169596.0,86
109,2021-04-23,tr,17635,57718.0,149858.0,88
110,2021-04-24,tr,16868,54580.0,121266.0,87
111,2021-04-25,tr,16973,46697.0,110290.0,86
112,2021-04-26,tr,20028,37769.0,92976.0,87
113,2021-04-27,tr,20186,15254.0,32732.0,86
114,2021-04-28,tr,18686,14123.0,29906.0,89
115,2021-04-29,tr,19043,11351.0,24578.0,90
116,2021-04-30,tr,19970,8734.0,25731.0,90
117,2021-05-01,tr,19992,9726.0,25506.0,85
118,2021-05-02,tr,20132,10343.0,23462.0,85
119,2021-05-03,tr,19192,11857.0,28540.0,84
120,2021-05-04,tr,18845,13248.0,28874.0,81
121,2021-05-05,tr,20639,13831.0,26414.0,85
122,2021-05-06,tr,20348,12970.0,27452.0,87
123,2021-05-07,tr,22846,10676.0,31869.0,87
124,2021-05-08,tr,20490,8599.0,32037.0,86
125,2021-05-09,tr,19669,11046.0,28782.0,84
126,2021-05-10,tr,19961,7828.0,29175.0,85
127,2021-05-11,tr,24019,8848.0,28380.0,83
128,2021-05-12,tr,25987,8120.0,31274.0,83
129,2021-05-13,tr,23997,11201.0,28610.0,85
130,2021-05-14,tr,19964,15207.0,28959.0,86
131,2021-05-15,tr,21552,11247.0,29754.0,86
132,2021-05-16,tr,25160,11135.0,29860.0,86
133,2021-05-17,tr,25115,9255.0,35216.0,86
134,2021-05-18,tr,24501,14498.0,34969.0,85
135,2021-05-19,tr,22521,12606.0,40698.0,83
136,2021-05-20,tr,30884,13816.0,37352.0,84
137,2021-05-21,tr,29372,12589.0,29402.0,84
138,2021-05-22,tr,31090,10817.0,35766.0,86
139,2021-05-23,tr,30512,15240.0,37838.0,87
140,2021-05-24,tr,31767,15577.0,35769.0,85
141,2021-05-25,tr,23562,18001.0,31654.0,85
142,2021-05-26,tr,26396,11129.0,35583.0,85
143,2021-05-27,tr,28341,20601.0,41052.0,86
144,2021-05-28,tr,30108,17189.0,39411.0,91
145,2021-05-29,tr,29933,20345.0,38828.0,91
146,2021-05-30,tr,29353,21621.0,38059.0,91
147,2021-05-31,tr,29467,22099.0,38227.0,91
148,2021-06-01,tr,26716,15803.0,30326.0,86
149,2021-06-02,tr,29985,16752.0,34849.0,87
150,2021-06-03,tr,29062,17013.0,39532.0,84
151,2021-06-04,tr,28404,14925.0,45818.0,84
152,2021-06-05,tr,24585,15803.0,45510.0,86
153,2021-06-06,tr,25976,20503.0,39027.0,84
154,2021-06-07,tr,28203,20072.0,40559.0,85
155,2021-06-08,tr,28067,15514.0,38664.0,86
156,2021-06-09,tr,30302,18670.0,41531.0,85
157,2021-06-10,tr,25262,17009.0,41280.0,85
158,2021-06-11,tr,23922,19195.0,37350.0,86
159,2021-06-12,tr,22106,15810.0,32917.0,86
160,2021-06-13,tr,21080,17143.0,32573.0,86
161,2021-06-14,tr,24617,19738.0,37375.0,84
162,2021-06-15,tr,27944,14075.0,45778.0,85
163,2021-06-16,tr,27897,15249.0,46688.0,85
164,2021-06-17,tr,25096,13881.0,36392.0,84
165,2021-06-18,tr,27078,14738.0,34194.0,79
166,2021-06-19,tr,25186,14869.0,29111.0,83
167,2021-06-20,tr,25262,14165.0,28716.0,83
168,2021-06-21,tr,25710,15026.0,31722.0,84
169,2021-06-22,tr,29935,15151.0,37017.0,86
170,2021-06-23,tr,27706,14532.0,38873.0,87
171,2021-06-24,tr,24527,15691.0,34071.0,87
172,2021-06-25,tr,23939,19163.0,34024.0,87
173,2021-06-26,tr,20123,18074.0,31137.0,90
174,2021-06-27,tr,18937,17535.0,31854.0,89
175,2021-06-28,tr,22036,18792.0,32045.0,89
176,2021-06-29,tr,22130,19895.0,38241.0,90
177,2021-06-30,tr,23077,18960.0,33814.0,89
178,2021-07-01,tr,21076,16321.0,32263.0,87
179,2021-07-02,tr,20470,16253.0,31943.0,86
180,2021-07-03,tr,20983,15145.0,25719.0,86
181,2021-07-04,tr,20415,14157.0,25357.0,86
182,2021-07-05,tr,20388,17420.0,28419.0,85
183,2021-07-06,tr,20661,15944.0,30985.0,84
184,2021-07-07,tr,20495,16732.0,31879.0,85
185,2021-07-08,tr,19796,16313.0,25695.0,86
186,2021-07-09,tr,21308,12405.0,29509.0,86
187,2021-07-10,tr,20782,13443.0,29929.0,86
188,2021-07-11,tr,17101,12764.0,29071.0,86
189,2021-07-12,tr,16804,13479.0,27711.0,86
190,2021-07-13,tr,17992,14373.0,27248.0,84
191,2021-07-14,tr,18493,13399.0,28170.0,85
192,2021-07-15,tr,18661,14805.0,25039.0,86
193,2021-07-16,tr,17982,12639.0,30626.0,86
194,2021-07-17,tr,17649,13605.0,28332.0,85
195,2021-07-18,tr,16317,11958.0,22512.0,85
196,2021-07-19,tr,13460,9303.0,24545.0,84
197,2021-07-20,tr,12213,8710.0,26521.0,82
198,2021-07-21,tr,14302,9074.0,28064.0,82
199,2021-07-22,tr,13488,9867.0,27386.0,82
200,2021-07-23,tr,15855,12211.0,24375.0,83
201,2021-07-24,tr,16320,11888.0,24648.0,83
202,2021-07-25,tr,16404,12899.0,20681.0,83
203,2021-07-26,tr,16530,7430.0,20383.0,84
204,2021-07-27,tr,15602,6837.0,17723.0,86
205,2021-07-28,tr,15203,8567.0,19679.0,86
206,2021-07-29,tr,19446,6663.0,20313.0,86
207,2021-07-30,tr,25297,10841.0,20149.0,83
208,2021-07-31,tr,23861,10207.0,21599.0,85
209,2021-08-01,tr,23714,9532.0,23811.0,82
210,2021-08-02,tr,22322,10196.0,24654.0,81
211,2021-08-03,tr,25660,11547.0,21270.0,82
212,2021-08-04,tr,23132,10435.0,22500.0,83
213,2021-08-05,tr,22973,14447.0,26387.0,83
214,2021-08-06,tr,25608,17958.0,33156.0,84
215,2021-08-07,tr,23280,16467.0,31902.0,84
216,2021-08-08,tr,24730,14694.0,32943.0,82
217,2021-08-09,tr,23755,13079.0,31272.0,82
218,2021-08-10,tr,23054,14944.0,35979.0,81
219,2021-08-11,tr,23615,12465.0,33859.0,80
220,2021-08-12,tr,23603,14605.0,31346.0,82
221,2021-08-13,tr,27558,16348.0,33932.0,84
222,2021-08-14,tr,26443,11229.0,34189.0,81
223,2021-08-15,tr,22518,12997.0,34443.0,81
224,2021-08-16,tr,25560,17031.0,29405.0,80
225,2021-08-17,tr,34216,15024.0,30783.0,78
226,2021-08-18,tr,36298,12903.0,35154.0,78
227,2021-08-19,tr,28116,11774.0,37763.0,79
228,2021-08-20,tr,24727,17243.0,40127.0,81
229,2021-08-21,tr,23764,16127.0,39497.0,80
230,2021-08-22,tr,26285,13084.0,37271.0,78
231,2021-08-23,tr,28871,16666.0,40406.0,77
232,2021-08-24,tr,27397,19516.0,51768.0,77
233,2021-08-25,tr,30646,19417.0,56359.0,78
234,2021-08-26,tr,28002,14987.0,43649.0,79
235,2021-08-27,tr,24065,15486.0,36051.0,81
236,2021-08-28,tr,22051,16405.0,32296.0,83
237,2021-08-29,tr,24469,12816.0,40668.0,84
238,2021-08-30,tr,30259,12597.0,47642.0,85
239,2021-08-31,tr,30108,14318.0,47182.0,86
240,2021-09-01,tr,33580,10367.0,58180.0,82
241,2021-09-02,tr,31155,9722.0,53182.0,79
242,2021-09-03,tr,31869,8101.0,47246.0,82
243,2021-09-04,tr,33509,8250.0,42084.0,83
244,2021-09-05,tr,29587,12720.0,40890.0,81
245,2021-09-06,tr,26243,16136.0,48519.0,77
246,2021-09-07,tr,23619,15838.0,43736.0,82
247,2021-09-08,tr,25153,15905.0,48624.0,82
248,2021-09-09,tr,25313,19580.0,41484.0,80
249,2021-09-10,tr,25630,14977.0,47648.0,77
250,2021-09-11,tr,28939,21675.0,43193.0,86
251,2021-09-12,tr,27629,18546.0,42269.0,81
252,2021-09-13,tr,23945,15856.0,35313.0,85
253,2021-09-14,tr,23468,16188.0,30193.0,86
254,2021-09-15,tr,25984,15897.0,32701.0,85
255,2021-09-16,tr,26429,16357.0,32218.0,87
256,2021-09-17,tr,29223,15330.0,35510.0,85
257,2021-09-18,tr,30549,18351.0,40843.0,82
258,2021-09-19,tr,29610,16159.0,36962.0,85
259,2021-09-20,tr,29283,18123.0,30803.0,84
260,2021-09-21,tr,25564,16635.0,31552.0,84
261,2021-09-22,tr,24359,17627.0,34986.0,84
262,2021-09-23,tr,23844,18466.0,35631.0,85
263,2021-09-24,tr,24461,18733.0,38578.0,87
264,2021-09-25,tr,24305,22392.0,36822.0,88
265,2021-09-26,tr,33879,22747.0,34441.0,90
266,2021-09-27,tr,35214,21623.0,35050.0,88
267,2021-09-28,tr,29122,18664.0,30832.0,89
268,2021-09-29,tr,32712,17023.0,29933.0,91
269,2021-09-30,tr,35898,16243.0,29042.0,93
270,2021-10-01,tr,35169,16811.0,31968.0,89
271,2021-10-02,tr,36489,13725.0,36347.0,87
272,2021-10-03,tr,34816,24066.0,47377.0,83
273,2021-10-04,tr,32943,23530.0,51376.0,84
274,2021-10-05,tr,32632,20093.0,42341.0,84
275,2021-10-06,tr,28916,24155.0,45854.0,84
276,2021-10-07,tr,26352,26169.0,50628.0,87
277,2021-10-08,tr,25169,22600.0,49624.0,87
278,2021-10-09,tr,28360,24326.0,49065.0,87
279,2021-10-10,tr,26746,19870.0,47530.0,86
280,2021-10-11,tr,29665,20983.0,43238.0,85
281,2021-10-12,tr,29960,21693.0,42294.0,83
282,2021-10-13,tr,32624,19703.0,36379.0,85
283,2021-10-14,tr,34301,17573.0,35590.0,85
284,2021-10-15,tr,32365,15344.0,36098.0,84
285,2021-10-16,tr,33721,19541.0,36982.0,87
286,2021-10-17,tr,37717,18616.0,35544.0,85
287,2021-10-18,tr,35417,20298.0,40900.0,81
288,2021-10-19,tr,34596,19626.0,41587.0,83
289,2021-10-20,tr,36274,25164.0,40914.0,82
290,2021-10-21,tr,33507,21471.0,46019.0,83
291,2021-10-22,tr,33417,19795.0,45169.0,83
292,2021-10-23,tr,34527,20504.0,47873.0,86
293,2021-10-24,tr,36783,25761.0,49511.0,86
294,2021-10-25,tr,39613,25301.0,45830.0,84
295,2021-10-26,tr,40562,24533.0,45782.0,83
296,2021-10-27,tr,40495,23104.0,49428.0,87
297,2021-10-28,tr,41196,23239.0,42740.0,89
298,2021-10-29,tr,38467,24098.0,39417.0,90
299,2021-10-30,tr,36075,23208.0,42968.0,91
300,2021-10-31,tr,33613,25890.0,42751.0,89
301,2021-11-01,tr,19440,30697.0,48135.0,83
302,2021-11-02,tr,16214,29601.0,52443.0,85
303,2021-11-03,tr,16063,30603.0,54025.0,87
304,2021-11-04,tr,15542,30066.0,57757.0,86
305,2021-11-05,tr,16409,27973.0,53554.0,85
306,2021-11-06,tr,19141,29065.0,49747.0,86
307,2021-11-07,tr,18056,27039.0,48618.0,86
308,2021-11-08,tr,17158,14592.0,25665.0,88
309,2021-11-09,tr,16665,10634.0,21416.0,95
310,2021-11-10,tr,17202,9420.0,22504.0,94
311,2021-11-11,tr,16347,10224.0,20535.0,94
312,2021-11-12,tr,16563,9106.0,23666.0,94
313,2021-11-13,tr,17536,9827.0,27935.0,95
314,2021-11-14,tr,18797,11573.0,25563.0,93
315,2021-11-15,tr,19814,10193.0,26115.0,92
316,2021-11-16,tr,20054,11437.0,25290.0,93
317,2021-11-17,tr,20231,12531.0,25799.0,90
318,2021-11-18,tr,20207,11806.0,24318.0,92
319,2021-11-19,tr,19319,12228.0,23778.0,92
320,2021-11-20,tr,21376,13831.0,24729.0,91
321,2021-11-21,tr,20713,14649.0,24241.0,92
322,2021-11-22,tr,19938,16534.0,23956.0,92
323,2021-11-23,tr,22915,15087.0,26657.0,92
324,2021-11-24,tr,22272,15010.0,25168.0,92
325,2021-11-25,tr,22405,14236.0,25752.0,95
326,2021-11-26,tr,20262,14007.0,24656.0,97
327,2021-11-27,tr,21441,15860.0,26263.0,97
328,2021-11-28,tr,21526,15031.0,26058.0,95
329,2021-11-29,tr,22113,14431.0,24759.0,96
330,2021-11-30,tr,20073,14550.0,29778.0,96
331,2021-12-01,tr,19581,15248.0,30845.0,92
332,2021-12-02,tr,20193,16639.0,29206.0,95
333,2021-12-03,tr,20640,14738.0,26457.0,97
334,2021-12-04,tr,21893,15823.0,27320.0,98
335,2021-12-05,tr,20089,15259.0,27419.0,96
336,2021-12-06,tr,20163,14336.0,29017.0,96
337,2021-12-07,tr,22029,14501.0,25772.0,96
338,2021-12-08,tr,23231,10531.0,26999.0,95
339,2021-12-09,tr,21737,12698.0,26957.0,95
340,2021-12-10,tr,22935,14003.0,27327.0,96
341,2021-12-11,tr,24789,16644.0,27059.0,96
342,2021-12-12,tr,22840,15474.0,25008.0,95
343,2021-12-13,tr,19905,16065.0,25331.0,95
344,2021-12-14,tr,20727,15697.0,29821.0,94
345,2021-12-15,tr,20404,14246.0,33716.0,95
346,2021-12-16,tr,19940,10053.0,34603.0,94
347,2021-12-17,tr,19414,8183.0,39033.0,94
348,2021-12-18,tr,20343,12768.0,39921.0,93
349,2021-12-19,tr,19840,13709.0,35745.0,94
350,2021-12-20,tr,20049,12753.0,30324.0,91
351,2021-12-21,tr,21259,9119.0,37307.0,89
352,2021-12-22,tr,21169,10620.0,35151.0,91
353,2021-12-23,tr,21738,10571.0,33955.0,94
354,2021-12-24,tr,23136,9907.0,31294.0,94
355,2021-12-25,tr,23362,8935.0,33200.0,94
356,2021-12-26,tr,22408,8312.0,33896.0,93
357,2021-12-27,tr,21382,8621.0,34351.0,92
358,2021-12-28,tr,21758,11784.0,31958.0,93
359,2021-12-29,tr,22203,12505.0,31534.0,94
360,2021-12-30,tr,22947,13615.0,31115.0,94
361,2021-12-31,tr,21819,13014.0,35284.0,94
362,2022-01-01,tr,22356,12456.0,36201.0,94
363,2022-01-02,tr,22332,13775.0,31584.0,93
364,2022-01-03,tr,22670,12379.0,31275.0,91
365,2022-01-04,tr,21817,16391.0,29180.0,91
366,2022-01-05,tr,22247,16044.0,31725.0,90
367,2022-01-06,tr,21290,16587.0,30478.0,93
368,2022-01-07,tr,21771,13284.0,33653.0,92
369,2022-01-08,tr,22006,13658.0,35012.0,93
370,2022-01-09,tr,21461,13914.0,31787.0,95
371,2022-01-10,tr,21113,14168.0,30201.0,95
372,2022-01-11,tr,20967,14951.0,26638.0,96
373,2022-01-12,tr,20684,15267.0,26317.0,96
374,2022-01-13,tr,21025,14095.0,27193.0,95
375,2022-01-14,tr,21742,14596.0,27851.0,96
376,2022-01-15,tr,21489,15750.0,27442.0,95
377,2022-01-16,tr,20328,14497.0,28961.0,94
378,2022-01-17,tr,21192,15533.0,27430.0,95
379,2022-01-18,tr,22091,15339.0,26610.0,97
380,2022-01-19,tr,22922,16148.0,25438.0,97
381,2022-01-20,tr,24932,14607.0,28256.0,97
382,2022-01-22,tr,20151,13534.0,25142.0,108
383,2022-01-23,tr,20028,13523.0,25388.0,100
384,2022-01-24,tr,22689,16597.0,26436.0,96
385,2022-01-25,tr,22995,16444.0,30390.0,94
386,2022-01-26,tr,23042,16483.0,31627.0,94
387,2022-01-27,tr,22631,17506.0,35148.0,93
388,2022-01-28,tr,22455,,,96
389,2022-01-29,tr,22144,15207.0,32167.0,97
390,2022-01-30,tr,21008,13589.0,28524.0,98
391,2022-01-31,tr,22448,13263.0,31491.0,97
392,2022-02-01,tr,22527,13066.0,32776.0,95
393,2022-02-02,tr,23437,13027.0,33514.0,96
394,2022-02-03,tr,23092,13070.0,30950.0,96
395,2022-02-04,tr,22644,13047.0,33085.0,96
396,2022-02-05,tr,21121,15241.0,29094.0,99
397,2022-02-06,tr,20973,14777.0,30053.0,95
398,2022-02-07,tr,22507,15323.0,32204.0,94
399,2022-02-08,tr,23432,16287.0,31131.0,93
400,2022-02-09,tr,22908,15390.0,33961.0,96
401,2022-02-10,tr,22676,16628.0,32213.0,96
402,2022-02-11,tr,23569,17125.0,30256.0,97
403,2022-02-12,tr,23642,14624.0,29967.0,97
404,2022-02-13,tr,23235,15864.0,27333.0,96
405,2022-02-14,tr,22827,17011.0,28846.0,96
406,2022-02-15,tr,23226,16979.0,29995.0,96
407,2022-02-16,tr,23186,15726.0,31299.0,92
408,2022-02-17,tr,22802,14633.0,30373.0,96
409,2022-02-18,tr,24213,15871.0,30949.0,96
410,2022-02-19,tr,24379,16267.0,31602.0,95
411,2022-02-20,tr,22796,16037.0,30612.0,94
412,2022-02-21,tr,23096,13574.0,32597.0,94
413,2022-02-22,tr,23853,15561.0,33076.0,91
414,2022-02-23,tr,23941,14390.0,33772.0,92
415,2022-02-24,tr,23881,13807.0,34706.0,92
416,2022-02-25,tr,22424,17544.0,32449.0,93
417,2022-02-26,tr,22512,18724.0,32089.0,93
418,2022-02-27,tr,21637,16554.0,30491.0,90
419,2022-02-28,tr,22377,15733.0,31544.0,88
420,2022-03-01,tr,21412,15558.0,28131.0,98
421,2022-03-02,tr,23811,17172.0,30788.0,92
422,2022-03-03,tr,24172,17273.0,31141.0,94
423,2022-03-04,tr,24098,17444.0,29661.0,91
424,2022-03-05,tr,22579,15670.0,30458.0,92
425,2022-03-06,tr,20749,12150.0,32429.0,90
426,2022-03-07,tr,23310,13374.0,33259.0,88
427,2022-03-08,tr,22918,13718.0,33887.0,90
428,2022-03-09,tr,22563,14397.0,33173.0,88
429,2022-03-10,tr,24118,17575.0,31515.0,88
430,2022-03-11,tr,25580,18714.0,29796.0,90
431,2022-03-12,tr,24174,17247.0,27396.0,91
432,2022-03-13,tr,21197,12631.0,26746.0,94
433,2022-03-14,tr,24254,16087.0,30270.0,91
434,2022-03-15,tr,24630,16160.0,30779.0,92
435,2022-03-16,tr,25463,15413.0,31856.0,90
436,2022-03-17,tr,26923,17230.0,32819.0,89
437,2022-03-18,tr,25711,19364.0,31255.0,92
438,2022-03-19,tr,24303,16901.0,31295.0,93
439,2022-03-20,tr,23511,12996.0,31754.0,92
440,2022-03-21,tr,24977,15251.0,32953.0,91
441,2022-03-22,tr,24968,13449.0,34127.0,93
442,2022-03-23,tr,24107,16560.0,31275.0,95
443,2022-03-24,tr,24624,16797.0,33738.0,95
444,2022-03-25,tr,24539,18536.0,31739.0,94
445,2022-03-26,tr,23463,17063.0,30331.0,94
446,2022-03-27,tr,23416,15811.0,30109.0,93
447,2022-03-28,tr,25409,16410.0,33125.0,93
448,2022-03-29,tr,24883,18924.0,30945.0,94
449,2022-03-30,tr,24584,18558.0,31611.0,93
450,2022-03-31,tr,24627,19492.0,30509.0,94
451,2022-04-01,tr,25030,17573.0,31744.0,92
452,2022-04-02,tr,23770,15701.0,32228.0,92
453,2022-04-03,tr,22935,16755.0,30452.0,93
454,2022-04-04,tr,24387,18686.0,32044.0,93
455,2022-04-05,tr,24479,19168.0,31072.0,93
456,2022-04-06,tr,24987,20231.0,29441.0,93
457,2022-04-07,tr,24293,20278.0,29042.0,93
458,2022-04-08,tr,25099,19144.0,31470.0,91
459,2022-04-09,tr,24570,16404.0,31859.0,91
460,2022-04-10,tr,23369,15080.0,30626.0,91
461,2022-04-11,tr,26217,15943.0,32830.0,90
462,2022-04-12,tr,27490,17399.0,31788.0,92
463,2022-04-13,tr,27806,17750.0,32610.0,91
464,2022-04-14,tr,26736,9977.0,38574.0,88
465,2022-04-15,tr,25615,9466.0,38897.0,87
466,2022-04-16,tr,24337,15918.0,31260.0,87
467,2022-04-17,tr,23342,16437.0,28653.0,90
468,2022-04-18,tr,25235,17599.0,33499.0,91
469,2022-04-19,tr,26622,20250.0,34223.0,88
470,2022-04-20,tr,26731,20468.0,34637.0,88
471,2022-04-21,tr,26427,14961.0,38975.0,90
472,2022-04-22,tr,25711,10763.0,42717.0,91
473,2022-04-23,tr,24857,14357.0,37198.0,90
474,2022-04-24,tr,24227,15854.0,34029.0,90
475,2022-04-25,tr,25474,15437.0,35546.0,96
476,2022-04-26,tr,27544,19673.0,35059.0,91
477,2022-04-27,tr,27764,17971.0,37497.0,90
478,2022-04-28,tr,27216,19911.0,34976.0,90
479,2022-04-29,tr,25871,18284.0,35178.0,87
480,2022-04-30,tr,23665,13171.0,35668.0,87
481,2022-05-01,tr,21348,7446.0,39159.0,88
482,2022-05-02,tr,19686,1536.0,46195.0,87
483,2022-05-03,tr,20734,3216.0,46699.0,86
484,2022-05-04,tr,22398,7634.0,44219.0,84
485,2022-05-05,tr,26278,16775.0,38434.0,83
486,2022-05-06,tr,25715,16805.0,35596.0,85
487,2022-05-07,tr,25079,14006.0,34923.0,87
488,2022-05-08,tr,25033,6177.0,39950.0,87
489,2022-05-09,tr,28378,0.0,50182.0,87
490,2022-05-10,tr,28637,1885.0,44762.0,87
491,2022-05-11,tr,27641,4116.0,42262.0,87
492,2022-05-12,tr,26721,14607.0,36498.0,87
493,2022-05-13,tr,25326,17287.0,32884.0,88
494,2022-05-14,tr,24027,20408.0,30091.0,88
495,2022-05-15,tr,23312,15294.0,35611.0,85
496,2022-05-16,tr,25951,16248.0,39919.0,86
497,2022-05-17,tr,27214,17535.0,40523.0,88
498,2022-05-18,tr,26511,19154.0,38135.0,85
499,2022-05-19,tr,26588,17228.0,38661.0,85
500,2022-05-20,tr,26911,20362.0,31451.0,83
501,2022-05-21,tr,26309,17100.0,35387.0,81
502,2022-05-22,tr,23364,17423.0,31349.0,82
503,2022-05-23,tr,26597,16894.0,39613.0,83
504,2022-05-24,tr,25294,19869.0,35161.0,85
505,2022-05-25,tr,25913,18299.0,34994.0,82
506,2022-05-26,tr,24461,15776.0,36742.0,84
507,2022-05-27,tr,26800,17486.0,39883.0,79
508,2022-05-28,tr,25103,18223.0,32763.0,81
509,2022-05-29,tr,23128,14281.0,30394.0,84
510,2022-05-30,tr,24927,16793.0,32771.0,86
511,2022-05-31,tr,25491,14319.0,36861.0,84
512,2022-06-01,tr,25365,17379.0,33600.0,83
513,2022-06-02,tr,25133,15980.0,33620.0,82
514,2022-06-03,tr,23866,18295.0,32055.0,83
515,2022-06-04,tr,21971,13778.0,33950.0,80
516,2022-06-05,tr,21581,10561.0,37024.0,80
517,2022-06-06,tr,23560,14631.0,36899.0,78
518,2022-06-07,tr,24313,14979.0,39660.0,79
519,2022-06-08,tr,24716,15657.0,36164.0,82
520,2022-06-09,tr,24535,12018.0,39649.0,82
521,2022-06-10,tr,23966,13338.0,35371.0,87
522,2022-06-11,tr,22354,9722.0,34724.0,87
523,2022-06-12,tr,22341,11268.0,32412.0,86
524,2022-06-13,tr,24225,13234.0,34246.0,84
525,2022-06-14,tr,24985,14597.0,34465.0,86
526,2022-06-15,tr,24202,17865.0,31244.0,88
527,2022-06-16,tr,23949,17818.0,30473.0,86
528,2022-06-17,tr,22597,16142.0,30868.0,82
529,2022-06-18,tr,19957,12994.0,30367.0,83
530,2022-06-19,tr,18630,13927.0,29469.0,79
531,2022-06-20,tr,21369,14398.0,31184.0,81
532,2022-06-21,tr,22927,16951.0,30729.0,84
533,2022-06-22,tr,23321,18123.0,30707.0,81
534,2022-06-23,tr,22560,18227.0,29637.0,81
535,2022-06-24,tr,20264,15756.0,28526.0,83
536,2022-06-25,tr,18568,13064.0,27656.0,82
537,2022-06-26,tr,17932,11004.0,26482.0,83
538,2022-06-27,tr,20025,14082.0,27582.0,85
539,2022-06-28,tr,20132,12810.0,31538.0,89
540,2022-06-29,tr,21648,17628.0,27337.0,88
541,2022-06-30,tr,22244,15916.0,27599.0,88
542,2022-07-01,tr,21059,13342.0,28186.0,83
543,2022-07-02,tr,19429,8232.0,28025.0,81
544,2022-07-03,tr,18979,8224.0,26858.0,79
545,2022-07-04,tr,20133,10746.0,30088.0,82
546,2022-07-05,tr,19496,8429.0,29969.0,89
547,2022-07-06,tr,21347,13839.0,29152.0,87
548,2022-07-07,tr,20870,12493.0,32494.0,80
549,2022-07-08,tr,19172,12065.0,30968.0,83
550,2022-07-09,tr,14752,3268.0,36179.0,81
551,2022-07-10,tr,14231,5507.0,32224.0,81
552,2022-07-11,tr,15534,5395.0,34114.0,84
553,2022-07-12,tr,16484,6019.0,34418.0,81
554,2022-07-13,tr,18837,7298.0,34478.0,80
555,2022-07-14,tr,16829,8135.0,25453.0,97
556,2022-07-15,tr,18009,10084.0,27739.0,79
557,2022-07-16,tr,15523,5343.0,22443.0,86
558,2022-07-17,tr,15980,5710.0,22033.0,81
559,2022-07-18,tr,20257,8100.0,23438.0,79
560,2022-07-19,tr,21061,8745.0,22969.0,80
561,2022-07-20,tr,20286,5687.0,27758.0,89
562,2022-07-21,tr,20136,1798.0,33227.0,92
563,2022-07-22,tr,20634,9428.0,23606.0,82
564,2022-07-23,tr,18387,9231.0,22392.0,81
565,2022-07-24,tr,18443,10066.0,21196.0,79
566,2022-07-25,tr,20866,13451.0,24575.0,77
567,2022-07-26,tr,19995,13652.0,29147.0,78
568,2022-07-27,tr,19484,10252.0,33901.0,79
569,2022-07-28,tr,19792,485.0,47081.0,82
570,2022-07-29,tr,20262,7963.0,36001.0,78
571,2022-07-30,tr,19849,10283.0,30451.0,78
572,2022-07-31,tr,17426,9763.0,28814.0,80
573,2022-08-01,tr,20161,13469.0,30568.0,78
574,2022-08-02,tr,20923,16020.0,25939.0,79
575,2022-08-03,tr,22302,16677.0,26416.0,77
576,2022-08-04,tr,23002,16615.0,27407.0,77
577,2022-08-05,tr,21091,11260.0,30568.0,80
578,2022-08-06,tr,20100,8070.0,31120.0,78
579,2022-08-07,tr,18129,7955.0,25903.0,82
580,2022-08-08,tr,21539,12532.0,27529.0,77
581,2022-08-09,tr,20925,11848.0,29433.0,78
582,2022-08-10,tr,20928,16398.0,28082.0,79
583,2022-08-11,tr,21456,14155.0,34068.0,75
584,2022-08-12,tr,21263,11380.0,32873.0,75
585,2022-08-13,tr,19075,12663.0,27221.0,83
586,2022-08-14,tr,18569,11693.0,25470.0,84
587,2022-08-15,tr,22418,12374.0,31641.0,79
588,2022-08-16,tr,23584,13047.0,29609.0,77
589,2022-08-17,tr,23137,9965.0,29170.0,77
590,2022-08-18,tr,23010,9916.0,31650.0,76
591,2022-08-19,tr,22032,13174.0,28609.0,81
592,2022-08-20,tr,20142,13296.0,25496.0,82
593,2022-08-21,tr,18341,12372.0,25825.0,82
594,2022-08-22,tr,21146,13818.0,30986.0,81
595,2022-08-23,tr,23107,15976.0,32292.0,81
596,2022-08-24,tr,22906,16073.0,34042.0,77
597,2022-08-25,tr,24193,18117.0,31303.0,78
598,2022-08-26,tr,21959,15689.0,30774.0,80
599,2022-08-27,tr,20361,14213.0,28863.0,81
600,2022-08-28,tr,21280,13361.0,27529.0,80
601,2022-08-29,tr,22887,16851.0,28195.0,81
602,2022-08-30,tr,24488,16114.0,32515.0,78
603,2022-08-31,tr,23996,12180.0,33233.0,80
604,2022-09-01,tr,24061,15347.0,34456.0,79
605,2022-09-02,tr,22204,15323.0,29466.0,81
606,2022-09-03,tr,21204,12561.0,30309.0,79
607,2022-09-04,tr,20839,15066.0,28909.0,78
608,2022-09-05,tr,22201,15565.0,30761.0,76
609,2022-09-06,tr,23108,16908.0,31023.0,75
610,2022-09-07,tr,22829,15687.0,33505.0,75
611,2022-09-08,tr,23320,17546.0,29130.0,74
612,2022-09-09,tr,23077,16511.0,28290.0,76
613,2022-09-10,tr,22028,15544.0,27599.0,78
614,2022-09-11,tr,20199,13505.0,27496.0,79
615,2022-09-12,tr,22149,14122.0,30975.0,78
616,2022-09-13,tr,22931,12420.0,34867.0,79
617,2022-09-14,tr,24459,10953.0,34755.0,80
618,2022-09-15,tr,24097,13898.0,32819.0,81
619,2022-09-16,tr,23232,13690.0,31722.0,80
620,2022-09-17,tr,21478,14576.0,27108.0,79
621,2022-09-18,tr,20506,16017.0,22955.0,79
622,2022-09-19,tr,22780,15590.0,26975.0,78
623,2022-09-20,tr,24110,17068.0,27738.0,78
624,2022-09-21,tr,24688,17302.0,30892.0,79
625,2022-09-22,tr,25097,16664.0,32133.0,79
626,2022-09-23,tr,23285,14111.0,32099.0,80
627,2022-09-24,tr,22047,14905.0,28739.0,79
628,2022-09-25,tr,21278,15071.0,27643.0,79
629,2022-09-26,tr,23900,13141.0,33368.0,80
630,2022-09-27,tr,24342,13791.0,36025.0,77
631,2022-09-28,tr,24570,17894.0,34086.0,74
632,2022-09-29,tr,26172,17425.0,39000.0,35
633,2022-10-01,tr,21098,14365.0,28416.0,77
634,2022-10-02,tr,19806,14997.0,24980.0,77
635,2022-10-03,tr,21948,13917.0,30861.0,78
636,2022-10-04,tr,24036,14090.0,33925.0,68
637,2022-10-05,tr,24250,13530.0,33770.0,76
638,2022-10-06,tr,23410,12975.0,32979.0,81
639,2022-10-07,tr,23152,,,76
640,2022-10-08,tr,21237,15650.0,28543.0,78
641,2022-10-09,tr,20269,11442.0,30743.0,79
642,2022-10-10,tr,21862,12416.0,32194.0,83
643,2022-10-11,tr,22507,12538.0,33922.0,83
644,2022-10-12,tr,22724,16154.0,31151.0,84
645,2022-10-13,tr,23221,13939.0,33333.0,84
646,2022-10-14,tr,21182,14081.0,28413.0,87
647,2022-10-15,tr,21237,13082.0,27656.0,83
648,2022-10-16,tr,19666,13243.0,25057.0,84
649,2022-10-17,tr,22957,13359.0,31176.0,83
650,2022-10-18,tr,23974,16835.0,28666.0,82
651,2022-10-19,tr,21421,9947.0,30717.0,96
652,2022-10-20,tr,20981,11240.0,31474.0,89
653,2022-10-21,tr,23706,9768.0,37820.0,78
654,2022-10-22,tr,22934,13304.0,30717.0,81
655,2022-10-23,tr,23741,7479.0,32348.0,87
656,2022-10-24,tr,25361,10639.0,35199.0,80
657,2022-10-25,tr,24438,13575.0,33253.0,81
658,2022-10-26,tr,23054,12584.0,35814.0,81
659,2022-10-27,tr,22975,8044.0,35932.0,74
660,2022-10-28,tr,23136,5443.0,39871.0,76
661,2022-10-29,tr,23956,12144.0,36505.0,81
662,2022-10-30,tr,24358,9797.0,42184.0,88
663,2022-10-31,tr,25634,14001.0,39142.0,87
664,2022-11-01,tr,25235,15592.0,38389.0,84
665,2022-11-02,tr,26790,17243.0,34761.0,83
666,2022-11-03,tr,26042,15409.0,36524.0,83
667,2022-11-04,tr,24790,15246.0,34627.0,78
668,2022-11-05,tr,22428,13294.0,35209.0,78
669,2022-11-06,tr,22641,16199.0,33525.0,80
670,2022-11-07,tr,25080,17110.0,34869.0,81
671,2022-11-08,tr,24710,15352.0,34526.0,80
672,2022-11-09,tr,23381,15132.0,35305.0,75
673,2022-11-10,tr,24537,14306.0,34816.0,72
674,2022-11-11,tr,23951,16261.0,30770.0,73
675,2022-11-12,tr,23506,15681.0,28720.0,75
676,2022-11-13,tr,24609,17462.0,28393.0,76
677,2022-11-14,tr,27554,18339.0,31642.0,77
678,2022-11-15,tr,27229,17799.0,30983.0,76
679,2022-11-16,tr,29901,16711.0,32412.0,77
680,2022-11-17,tr,30115,19624.0,32850.0,79
681,2022-11-18,tr,28275,18916.0,32493.0,77
682,2022-11-19,tr,23952,16458.0,30503.0,75
683,2022-11-20,tr,22801,18544.0,29813.0,75
684,2022-11-21,tr,26413,17123.0,37539.0,76
685,2022-11-22,tr,27907,17622.0,38873.0,77
686,2022-11-23,tr,31506,23383.0,41379.0,78
687,2022-11-24,tr,31720,18865.0,46367.0,82
688,2022-11-25,tr,28503,19055.0,42475.0,79
689,2022-11-26,tr,26141,17251.0,36103.0,74
690,2022-11-27,tr,26018,17705.0,32113.0,74
691,2022-11-28,tr,28653,18725.0,37969.0,78
692,2022-11-29,tr,28785,19367.0,39968.0,75
693,2022-11-30,tr,27281,20843.0,39366.0,70
694,2022-12-01,tr,25932,19282.0,37713.0,65
695,2022-12-02,tr,26126,16355.0,36535.0,74
696,2022-12-03,tr,25384,17346.0,33868.0,73
697,2022-12-04,tr,24151,17512.0,34060.0,72
698,2022-12-05,tr,28336,18352.0,41146.0,73
699,2022-12-06,tr,28373,19971.0,38180.0,75
700,2022-12-07,tr,29490,19253.0,39095.0,76
701,2022-12-08,tr,28233,13022.0,41313.0,75
702,2022-12-09,tr,28261,16329.0,38726.0,78
703,2022-12-10,tr,27530,16078.0,36653.0,74
704,2022-12-11,tr,26464,16431.0,33885.0,72
705,2022-12-12,tr,27561,16771.0,37382.0,71
706,2022-12-13,tr,27652,19089.0,37572.0,77
707,2022-12-14,tr,28081,19241.0,40061.0,77
708,2022-12-15,tr,27127,15740.0,41021.0,76
709,2022-12-16,tr,28682,16560.0,39759.0,77
710,2022-12-17,tr,27090,16709.0,37087.0,77
711,2022-12-18,tr,25140,17903.0,34468.0,77
712,2022-12-19,tr,28021,19184.0,36848.0,77
713,2022-12-20,tr,28457,20505.0,34643.0,77
714,2022-12-21,tr,29736,17663.0,37765.0,77
715,2022-12-22,tr,32081,19724.0,35992.0,77
716,2022-12-23,tr,30457,21261.0,36680.0,77
717,2022-12-24,tr,28168,19303.0,33775.0,77
718,2022-12-25,tr,27020,16906.0,33443.0,75
719,2022-12-26,tr,27840,18467.0,37515.0,77
720,2022-12-27,tr,29259,18079.0,38989.0,78
721,2022-12-28,tr,30027,19625.0,40813.0,78
722,2022-12-29,tr,28754,20489.0,43440.0,78
723,2022-12-30,tr,26378,18164.0,40065.0,78
724,2022-12-31,tr,24788,14305.0,39609.0,77
725,2023-01-01,tr,24912,13869.0,37321.0,77
726,2023-01-02,tr,27942,18268.0,36862.0,51
727,2023-01-07,tr,27705,14796.0,38475.0,75
728,2023-01-08,tr,27860,12267.0,41930.0,75
729,2023-01-09,tr,30063,15069.0,43513.0,52
730,2023-01-15,tr,29002,20682.0,36947.0,71
731,2023-01-16,tr,32547,21730.0,40966.0,69
732,2023-01-17,tr,31732,,,69
733,2023-01-18,tr,33990,,,71
734,2023-01-19,tr,35070,,,71
735,2023-01-20,tr,32635,,,73
736,2023-01-21,tr,29499,,,73
737,2023-01-22,tr,27402,18938.0,37095.0,73
738,2023-01-23,tr,28967,18019.0,43510.0,71
739,2023-01-24,tr,28612,20461.0,39159.0,71
740,2023-01-25,tr,29052,22957.0,41863.0,73
741,2023-01-26,tr,31215,26730.0,39697.0,74
742,2023-01-27,tr,27566,23381.0,38662.0,75
743,2023-01-28,tr,29074,18496.0,38128.0,75
744,2023-01-29,tr,25444,17431.0,35520.0,75
745,2023-01-30,tr,27203,14604.0,41538.0,78
746,2023-01-31,tr,28090,19606.0,37201.0,76
747,2023-02-01,tr,28983,22099.0,37024.0,76
748,2023-02-02,tr,27497,26412.0,35911.0,75
749,2023-02-03,tr,27183,21128.0,35275.0,76
750,2023-02-04,tr,27276,23160.0,39709.0,72
751,2023-02-05,tr,24656,21092.0,33061.0,73
752,2023-02-06,tr,26095,20400.0,39485.0,71
753,2023-02-07,tr,26892,22643.0,37654.0,69
754,2023-02-08,tr,28573,22668.0,37198.0,70
755,2023-02-09,tr,29008,21903.0,36508.0,71
756,2023-02-10,tr,30329,22425.0,36349.0,71
757,2023-02-11,tr,29886,18932.0,37163.0,74
758,2023-02-12,tr,28194,18699.0,32598.0,72
759,2023-02-13,tr,31348,16327.0,36958.0,71
760,2023-02-14,tr,30956,19229.0,35338.0,71
761,2023-02-15,tr,32104,20733.0,37858.0,72
762,2023-02-16,tr,30788,20668.0,39649.0,71
763,2023-02-17,tr,31706,21266.0,41702.0,69
764,2023-02-18,tr,30363,17053.0,43860.0,71
765,2023-02-19,tr,30282,21807.0,37003.0,69
766,2023-02-20,tr,32193,22459.0,40997.0,70
767,2023-02-21,tr,31184,20547.0,42307.0,68
768,2023-02-22,tr,31192,24823.0,40190.0,69
769,2023-02-23,tr,30487,24090.0,36319.0,72
770,2023-02-24,tr,31394,25034.0,35927.0,72
771,2023-02-25,tr,29453,22087.0,37554.0,74
772,2023-02-26,tr,28844,23757.0,34864.0,73
773,2023-02-27,tr,32317,25488.0,38834.0,76
774,2023-02-28,tr,33937,24561.0,39032.0,75
775,2023-03-01,tr,31695,24932.0,37734.0,70
776,2023-03-02,tr,31692,20848.0,39018.0,69
777,2023-03-03,tr,29868,21161.0,40512.0,71
778,2023-03-04,tr,30884,20085.0,39127.0,72
779,2023-03-05,tr,30969,20148.0,36829.0,72
780,2023-03-06,tr,27981,20747.0,39858.0,73
781,2023-03-07,tr,30057,20856.0,43083.0,76
782,2023-03-08,tr,31449,20803.0,41556.0,76
783,2023-03-09,tr,32541,24398.0,39899.0,77
784,2023-03-10,tr,32116,22722.0,40966.0,74
785,2023-03-11,tr,29934,23225.0,40250.0,77
786,2023-03-12,tr,28344,22271.0,41254.0,75
787,2023-03-13,tr,31902,19510.0,38793.0,75
788,2023-03-14,tr,34435,18701.0,43967.0,75
789,2023-03-15,tr,37097,17463.0,47543.0,76
790,2023-03-16,tr,45506,14676.0,45409.0,86
791,2023-03-17,tr,42748,21579.0,42357.0,78
792,2023-03-18,tr,36752,21632.0,39850.0,75
793,2023-03-19,tr,35969,18969.0,38510.0,76
794,2023-03-20,tr,38966,21874.0,41730.0,76
795,2023-03-21,tr,39261,25901.0,44737.0,75
796,2023-03-22,tr,38748,23744.0,53950.0,74
797,2023-03-23,tr,37229,23554.0,78755.0,74
798,2023-03-24,tr,34678,28974.0,54280.0,75
799,2023-03-25,tr,33958,22816.0,48568.0,75
800,2023-03-26,tr,30193,21974.0,47243.0,75
801,2023-03-27,tr,34261,21382.0,56769.0,76
802,2023-03-28,tr,35874,26413.0,52325.0,72
803,2023-03-29,tr,35135,20124.0,56585.0,74
804,2023-03-30,tr,34805,18168.0,56919.0,74
805,2023-03-31,tr,32799,27935.0,42524.0,76
806,2023-04-01,tr,31969,23827.0,45547.0,75
