,ok,dns,http,tls,error,date,total
0,3,0,0,0,0,2021-01-01,3
1,7,1,0,0,1,2021-01-10,8
2,0,1,0,0,0,2021-01-11,1
3,0,1,0,0,0,2021-01-12,1
4,5,0,0,0,0,2021-01-17,5
5,1,0,0,0,0,2021-01-23,1
6,5,2,0,0,0,2021-01-31,7
7,37,4,3,0,3,2021-02-01,44
8,1,0,0,0,0,2021-02-02,1
9,53,0,1,0,3,2021-02-03,54
10,95,13,5,0,4,2021-02-04,113
11,68,15,1,1,2,2021-02-05,85
12,23,2,1,0,0,2021-02-06,26
13,46,2,3,0,4,2021-02-07,51
14,46,4,4,0,5,2021-02-08,54
15,9,3,2,0,0,2021-02-09,14
16,996,274,65,3,68,2021-02-10,1338
17,9382,1613,653,95,623,2021-02-11,11743
18,7701,835,604,107,442,2021-02-12,9247
19,5999,491,401,75,349,2021-02-13,6966
20,4128,490,270,42,255,2021-02-14,4930
21,2017,163,134,21,97,2021-02-15,2335
22,3718,289,271,52,216,2021-02-16,4330
23,2446,261,212,38,156,2021-02-17,2957
24,3394,316,291,74,215,2021-02-18,4075
25,3306,266,211,71,215,2021-02-19,3854
26,3762,457,313,32,215,2021-02-20,4564
27,1514,123,97,11,99,2021-02-21,1745
28,150,22,9,2,47,2021-02-22,183
29,6439,588,464,66,438,2021-02-23,7557
33,5783,348,321,34,219,2021-02-27,6486
34,253,160,18,3,8,2021-02-28,434
35,406,41,37,16,12,2021-03-01,500
36,6719,393,395,21,236,2021-03-02,7528
37,4962,193,372,42,162,2021-03-03,5569
38,5306,356,351,44,196,2021-03-04,6057
39,758,42,37,2,38,2021-03-05,839
40,4066,333,358,43,162,2021-03-06,4800
41,4873,295,352,31,200,2021-03-07,5551
42,2093,139,147,15,97,2021-03-08,2394
43,4898,529,316,28,202,2021-03-09,5771
44,3948,391,245,16,150,2021-03-10,4600
45,5327,299,305,15,193,2021-03-11,5946
46,2138,118,121,9,84,2021-03-12,2386
47,1525,97,114,26,65,2021-03-13,1762
48,223,77,16,0,10,2021-03-14,316
49,2047,213,113,7,91,2021-03-15,2380
50,3882,392,254,30,153,2021-03-16,4558
51,5734,586,396,51,233,2021-03-17,6767
52,3693,524,222,16,156,2021-03-18,4455
53,3771,267,218,17,155,2021-03-19,4273
54,2845,124,182,8,121,2021-03-20,3159
55,1619,79,111,4,75,2021-03-21,1813
56,1660,78,99,4,59,2021-03-22,1841
57,2811,132,145,4,109,2021-03-23,3092
58,4945,452,276,13,210,2021-03-24,5686
59,2516,111,142,9,111,2021-03-25,2778
60,609,56,19,1,23,2021-03-26,685
61,711,27,31,3,24,2021-03-27,772
62,1696,91,140,21,69,2021-03-28,1948
63,287,51,36,8,17,2021-03-29,382
64,5042,853,386,87,237,2021-03-30,6368
65,180,11,9,2,7,2021-03-31,202
66,1857,77,103,7,68,2021-04-01,2044
67,248,43,19,0,12,2021-04-02,310
68,337,26,11,0,11,2021-04-03,374
69,409,39,12,3,14,2021-04-04,463
70,637,88,29,5,28,2021-04-05,759
71,2427,145,145,7,110,2021-04-06,2724
72,2630,163,188,6,96,2021-04-07,2987
73,5120,311,329,31,200,2021-04-08,5791
74,752,50,41,2,27,2021-04-09,845
75,2995,149,164,17,102,2021-04-10,3325
76,2328,140,128,9,79,2021-04-11,2605
77,2403,130,125,9,86,2021-04-12,2667
78,1731,133,65,6,83,2021-04-13,1935
79,641,40,58,6,24,2021-04-14,745
80,1512,91,114,7,63,2021-04-15,1724
81,2602,126,147,11,89,2021-04-16,2886
82,411,41,19,0,16,2021-04-17,471
83,2582,139,164,21,92,2021-04-18,2906
84,5225,303,286,38,174,2021-04-19,5852
85,1257,88,47,7,35,2021-04-20,1399
86,1161,212,51,19,53,2021-04-21,1443
87,4308,273,236,18,170,2021-04-22,4835
88,2979,202,215,38,122,2021-04-23,3434
89,3742,292,172,23,124,2021-04-24,4229
90,4080,306,256,54,164,2021-04-25,4696
91,3530,245,202,8,151,2021-04-26,3985
92,3855,241,200,20,143,2021-04-27,4316
93,3650,261,187,23,131,2021-04-28,4121
94,2366,168,123,14,115,2021-04-29,2671
95,1790,107,110,6,68,2021-04-30,2013
96,2277,130,159,11,101,2021-05-01,2577
97,2270,218,127,20,77,2021-05-02,2635
98,2967,186,195,17,126,2021-05-03,3365
99,2937,306,193,20,142,2021-05-04,3456
100,1141,134,45,14,33,2021-05-05,1334
101,2768,207,121,3,110,2021-05-06,3099
102,2363,168,115,13,122,2021-05-07,2659
103,4515,263,253,32,192,2021-05-08,5063
104,4966,278,325,32,213,2021-05-09,5601
105,2637,247,130,15,100,2021-05-10,3029
106,3469,164,262,16,143,2021-05-11,3911
107,1642,199,115,3,89,2021-05-12,1959
108,1863,154,90,18,77,2021-05-13,2125
109,1145,124,35,11,36,2021-05-14,1315
110,1266,152,48,6,62,2021-05-15,1472
111,1875,232,127,24,63,2021-05-16,2258
112,1839,120,129,7,90,2021-05-17,2095
113,1538,174,91,10,43,2021-05-18,1813
114,2196,135,161,12,97,2021-05-19,2504
115,1758,282,127,14,73,2021-05-20,2181
116,1587,212,86,17,61,2021-05-21,1902
117,2016,212,92,5,63,2021-05-22,2325
118,1647,179,86,14,79,2021-05-23,1926
119,1670,178,84,11,70,2021-05-24,1943
120,2011,136,133,15,100,2021-05-25,2295
121,2395,248,148,17,77,2021-05-26,2808
122,4949,348,339,37,217,2021-05-27,5673
123,5910,569,350,43,237,2021-05-28,6872
124,2196,252,122,16,89,2021-05-29,2586
125,2751,247,111,9,88,2021-05-30,3118
126,2314,197,174,54,109,2021-05-31,2739
127,3852,371,236,56,168,2021-06-01,4515
128,2572,119,182,14,137,2021-06-02,2887
129,2059,171,112,8,60,2021-06-03,2350
130,2779,188,223,30,109,2021-06-04,3220
131,1831,301,151,45,82,2021-06-05,2328
132,1280,184,74,8,53,2021-06-06,1546
133,2088,278,94,10,69,2021-06-07,2470
134,2128,217,143,34,109,2021-06-08,2522
135,2264,296,109,6,104,2021-06-09,2675
136,2833,193,197,7,146,2021-06-10,3230
137,1864,262,154,27,67,2021-06-11,2307
138,2769,175,220,19,113,2021-06-12,3183
139,1730,258,123,8,74,2021-06-13,2119
140,1666,243,122,25,66,2021-06-14,2056
141,3329,332,174,53,128,2021-06-15,3888
142,1938,175,123,6,90,2021-06-16,2242
143,2501,207,122,11,117,2021-06-17,2841
144,2029,85,151,2,117,2021-06-18,2267
145,951,57,74,2,28,2021-06-19,1084
146,959,47,99,9,37,2021-06-20,1114
147,1646,87,94,3,59,2021-06-21,1830
148,1597,112,91,9,68,2021-06-22,1809
149,4204,321,188,13,153,2021-06-23,4726
150,2726,198,196,21,125,2021-06-24,3141
151,3024,306,143,43,114,2021-06-25,3516
152,2058,121,176,2,117,2021-06-26,2357
153,2876,204,171,8,97,2021-06-27,3259
154,2307,176,182,21,85,2021-06-28,2686
155,3132,211,159,17,116,2021-06-29,3519
156,1750,174,132,11,66,2021-06-30,2067
157,1743,187,70,4,66,2021-07-01,2004
158,1742,175,104,27,79,2021-07-02,2048
159,2166,217,95,13,78,2021-07-03,2491
160,1403,101,135,24,90,2021-07-04,1663
161,1027,66,90,2,34,2021-07-05,1185
162,1525,103,120,10,60,2021-07-06,1758
163,3025,357,156,26,115,2021-07-07,3564
164,2585,239,171,17,108,2021-07-08,3012
165,1967,199,90,16,85,2021-07-09,2272
166,2027,190,106,10,101,2021-07-10,2333
167,1106,142,44,6,42,2021-07-11,1298
168,1964,131,148,15,96,2021-07-12,2258
169,1612,163,147,9,74,2021-07-13,1931
170,3143,233,189,17,138,2021-07-14,3582
171,2884,352,166,9,109,2021-07-15,3411
172,2410,230,151,6,78,2021-07-16,2797
173,1917,279,96,11,83,2021-07-17,2303
174,1976,150,115,7,110,2021-07-18,2248
175,2607,266,133,14,100,2021-07-19,3020
176,2797,272,194,16,133,2021-07-20,3279
177,2717,213,236,20,110,2021-07-21,3186
178,2230,252,132,34,93,2021-07-22,2648
179,1284,244,68,5,46,2021-07-23,1601
180,2024,266,164,17,67,2021-07-24,2471
181,687,178,65,2,28,2021-07-25,932
182,1631,154,146,14,95,2021-07-26,1945
183,1624,243,97,9,94,2021-07-27,1973
184,1283,132,100,7,58,2021-07-28,1522
185,1668,120,148,12,78,2021-07-29,1948
186,656,72,58,12,29,2021-07-30,798
187,413,40,19,15,22,2021-07-31,487
188,294,103,25,7,20,2021-08-01,429
189,513,106,64,49,25,2021-08-02,732
190,335,78,77,57,27,2021-08-03,547
191,1129,112,78,19,69,2021-08-04,1338
192,451,46,26,3,16,2021-08-05,526
193,1389,85,113,9,63,2021-08-06,1596
194,933,122,89,9,45,2021-08-07,1153
195,414,41,20,2,12,2021-08-08,477
196,979,111,54,1,40,2021-08-09,1145
197,1103,78,53,6,36,2021-08-10,1240
198,665,70,36,7,32,2021-08-11,778
199,1147,98,46,2,65,2021-08-12,1293
200,825,57,54,1,33,2021-08-13,937
201,1647,264,110,5,103,2021-08-14,2026
202,239,35,22,4,15,2021-08-15,300
203,877,61,53,3,24,2021-08-16,994
204,586,98,31,4,26,2021-08-17,719
205,677,70,37,2,20,2021-08-18,786
206,959,99,54,1,56,2021-08-19,1113
207,1695,188,74,6,137,2021-08-20,1963
208,1882,188,99,10,133,2021-08-21,2179
209,1053,98,70,2,74,2021-08-22,1223
210,1253,85,90,11,57,2021-08-23,1439
211,1099,68,54,5,41,2021-08-24,1226
212,1319,144,122,16,57,2021-08-25,1601
213,2313,170,150,35,92,2021-08-26,2668
214,663,46,30,5,30,2021-08-27,744
215,347,30,13,2,16,2021-08-28,392
216,247,16,5,1,17,2021-08-29,269
217,1162,66,81,3,59,2021-08-30,1312
218,1109,58,69,7,52,2021-08-31,1243
219,1429,77,71,4,52,2021-09-01,1581
220,2021,130,146,29,102,2021-09-02,2326
221,914,83,63,7,30,2021-09-03,1067
222,1519,122,96,8,62,2021-09-04,1745
223,1220,65,80,10,57,2021-09-05,1375
224,1613,276,58,0,59,2021-09-06,1947
225,1155,73,74,1,66,2021-09-07,1303
226,1068,63,75,24,55,2021-09-08,1230
227,490,47,36,4,16,2021-09-09,577
228,1443,81,123,22,79,2021-09-10,1669
229,475,79,33,6,12,2021-09-11,593
230,739,383,42,1,26,2021-09-12,1165
231,1130,111,53,10,54,2021-09-13,1304
232,1262,137,77,16,52,2021-09-14,1492
233,695,96,38,1,46,2021-09-15,830
234,1432,74,95,11,61,2021-09-16,1612
235,1648,197,92,16,75,2021-09-17,1953
236,439,182,34,0,21,2021-09-18,655
237,1097,129,70,2,97,2021-09-19,1298
238,3945,261,279,35,210,2021-09-20,4520
239,2405,308,108,3,140,2021-09-21,2824
240,671,82,29,3,34,2021-09-22,785
241,1105,354,54,5,58,2021-09-23,1518
242,1100,83,83,5,74,2021-09-24,1271
243,1152,96,51,6,52,2021-09-25,1305
244,1641,119,102,1,103,2021-09-26,1863
245,872,125,54,2,33,2021-09-27,1053
246,1541,182,85,8,111,2021-09-28,1816
247,2595,149,134,15,113,2021-09-29,2893
248,2207,304,137,7,161,2021-09-30,2655
249,2110,161,85,5,115,2021-10-01,2361
250,2010,166,146,8,125,2021-10-02,2330
251,2576,305,124,11,167,2021-10-03,3016
252,1648,143,74,0,81,2021-10-04,1865
253,3507,258,213,8,143,2021-10-05,3986
254,3193,193,226,15,171,2021-10-06,3627
255,4243,386,214,15,209,2021-10-07,4858
256,3306,306,181,14,132,2021-10-08,3807
257,4345,376,237,32,216,2021-10-09,4990
258,4328,342,298,24,221,2021-10-10,4992
259,3420,199,184,21,152,2021-10-11,3824
260,2735,201,111,7,85,2021-10-12,3054
261,3206,214,209,16,124,2021-10-13,3645
262,2258,198,103,8,107,2021-10-14,2567
263,5596,308,224,19,243,2021-10-15,6147
264,2101,148,84,4,86,2021-10-16,2337
265,3021,245,124,7,121,2021-10-17,3397
266,4059,300,274,23,207,2021-10-18,4656
267,2813,193,161,6,128,2021-10-19,3173
268,1844,160,79,9,58,2021-10-20,2092
269,5106,271,349,42,206,2021-10-21,5768
270,3172,273,154,10,134,2021-10-22,3609
271,2516,226,112,13,112,2021-10-23,2867
272,2829,316,115,18,110,2021-10-24,3278
273,2614,221,111,6,102,2021-10-25,2952
274,2699,231,190,16,144,2021-10-26,3136
275,1726,108,127,8,89,2021-10-27,1969
276,2012,168,75,7,68,2021-10-28,2262
277,3113,217,227,6,125,2021-10-29,3563
278,1987,193,105,26,95,2021-10-30,2311
279,1979,96,96,22,87,2021-10-31,2193
280,2526,188,110,17,103,2021-11-01,2841
281,3748,273,192,17,151,2021-11-02,4230
282,2280,178,146,10,110,2021-11-03,2614
283,2345,161,166,21,120,2021-11-04,2693
284,3633,383,161,27,134,2021-11-05,4204
285,2674,138,232,27,107,2021-11-06,3071
286,2625,263,114,12,122,2021-11-07,3014
287,1490,63,76,24,69,2021-11-08,1653
288,4495,333,206,11,185,2021-11-09,5045
289,1854,184,86,17,82,2021-11-10,2141
290,2160,145,157,25,99,2021-11-11,2487
291,1449,81,107,9,69,2021-11-12,1646
292,1623,116,92,23,65,2021-11-13,1854
293,2243,148,192,13,88,2021-11-14,2596
294,2131,293,102,27,114,2021-11-15,2553
295,2411,175,118,16,94,2021-11-16,2720
296,2034,231,65,10,116,2021-11-17,2340
297,2320,208,115,30,107,2021-11-18,2673
298,3256,312,224,36,176,2021-11-19,3828
299,1351,100,115,10,61,2021-11-20,1576
300,1323,81,57,1,53,2021-11-21,1462
301,765,65,78,0,21,2021-11-22,908
302,2316,202,110,8,97,2021-11-23,2636
303,1166,87,57,11,57,2021-11-24,1321
304,3245,260,125,10,136,2021-11-25,3640
305,2850,461,136,16,115,2021-11-26,3463
306,2529,220,151,14,114,2021-11-27,2914
307,4053,399,254,8,160,2021-11-28,4714
308,3297,301,152,18,138,2021-11-29,3768
309,3219,230,210,8,135,2021-11-30,3667
310,3587,176,155,39,156,2021-12-01,3957
311,5119,262,256,62,282,2021-12-02,5699
312,5550,341,277,35,260,2021-12-03,6203
313,2747,171,117,21,120,2021-12-04,3056
314,3210,163,166,19,128,2021-12-05,3558
315,4605,227,293,8,204,2021-12-06,5133
316,4782,239,226,22,221,2021-12-07,5269
317,4055,299,254,21,177,2021-12-08,4629
318,4345,363,184,17,164,2021-12-09,4909
319,4255,281,223,47,237,2021-12-10,4806
320,4090,262,202,75,199,2021-12-11,4629
321,2809,122,107,7,130,2021-12-12,3045
322,4084,615,227,30,166,2021-12-13,4956
323,4223,270,270,8,169,2021-12-14,4771
324,4965,225,264,23,216,2021-12-15,5477
325,5189,284,337,25,250,2021-12-16,5835
326,5220,368,256,40,241,2021-12-17,5884
327,3590,201,145,8,166,2021-12-18,3944
328,3265,193,168,26,131,2021-12-19,3652
329,5109,256,213,34,187,2021-12-20,5612
330,5524,283,372,97,213,2021-12-21,6276
331,5211,266,324,30,202,2021-12-22,5831
332,7275,449,428,40,304,2021-12-23,8192
333,4385,242,277,37,163,2021-12-24,4941
334,6593,400,377,99,213,2021-12-25,7469
335,3639,301,202,41,174,2021-12-26,4183
336,5490,421,382,80,220,2021-12-27,6373
337,4943,312,224,50,196,2021-12-28,5529
338,3989,219,319,68,157,2021-12-29,4595
339,5794,307,384,77,253,2021-12-30,6562
340,3568,151,206,42,154,2021-12-31,3967
341,3394,159,239,32,133,2022-01-01,3824
342,2398,133,129,35,74,2022-01-02,2695
343,5239,247,313,71,240,2022-01-03,5870
344,3517,159,226,31,125,2022-01-04,3933
345,3718,425,174,47,177,2022-01-05,4364
346,4581,249,327,37,206,2022-01-06,5194
347,4170,241,270,40,175,2022-01-07,4721
348,4321,247,277,67,157,2022-01-08,4912
349,3811,207,225,30,143,2022-01-09,4273
350,5886,395,343,96,227,2022-01-10,6720
351,7429,504,376,78,312,2022-01-11,8387
352,3309,189,218,32,121,2022-01-12,3748
353,6660,504,284,51,315,2022-01-13,7499
354,4074,439,278,52,195,2022-01-14,4843
355,3374,246,258,114,145,2022-01-15,3992
356,4379,290,273,83,172,2022-01-16,5025
357,5083,296,313,84,215,2022-01-17,5776
358,5483,322,328,86,217,2022-01-18,6219
359,6941,597,410,135,321,2022-01-19,8083
360,4683,357,329,72,240,2022-01-20,5441
361,7843,458,358,99,376,2022-01-21,8758
362,4858,281,309,76,256,2022-01-22,5524
363,2394,226,135,13,101,2022-01-23,2768
364,6604,351,366,58,305,2022-01-24,7379
365,4999,271,333,46,216,2022-01-25,5649
366,6842,523,298,55,310,2022-01-26,7718
367,6513,491,412,78,399,2022-01-27,7494
368,6954,404,625,123,390,2022-01-28,8106
369,4839,224,207,74,198,2022-01-29,5344
370,5256,316,377,167,244,2022-01-30,6116
371,6227,397,374,80,242,2022-01-31,7078
372,5447,272,253,84,216,2022-02-01,6056
373,5929,395,327,36,238,2022-02-02,6687
374,7183,527,367,78,322,2022-02-03,8155
375,8089,555,485,51,416,2022-02-04,9180
376,5011,202,510,98,329,2022-02-05,5821
377,7193,328,333,86,282,2022-02-06,7940
378,6792,330,362,48,286,2022-02-07,7532
379,7191,405,388,59,268,2022-02-08,8043
380,7129,279,354,86,294,2022-02-09,7848
381,7133,360,440,120,316,2022-02-10,8053
382,5715,375,266,47,266,2022-02-11,6403
383,5174,353,344,71,272,2022-02-12,5942
384,5210,133,494,123,350,2022-02-13,5960
385,6803,296,324,75,290,2022-02-14,7498
386,5701,308,335,66,263,2022-02-15,6410
387,5659,323,318,47,208,2022-02-16,6347
388,5602,306,273,57,259,2022-02-17,6238
389,10943,572,713,117,546,2022-02-18,12345
390,9285,572,491,121,459,2022-02-19,10469
391,5890,359,425,138,300,2022-02-20,6812
392,6376,241,604,163,447,2022-02-21,7384
393,6050,279,298,89,302,2022-02-22,6716
394,5709,266,320,40,267,2022-02-23,6335
395,6364,303,358,96,263,2022-02-24,7121
396,6079,293,352,66,249,2022-02-25,6790
397,4394,223,310,61,210,2022-02-26,4988
398,5555,415,313,78,260,2022-02-27,6361
399,5270,346,344,58,246,2022-02-28,6018
400,5808,268,581,111,400,2022-03-01,6768
401,2350,89,120,71,98,2022-03-02,2630
402,4499,238,343,39,190,2022-03-03,5119
403,5311,287,333,92,164,2022-03-04,6023
404,4024,177,224,63,143,2022-03-05,4488
405,2231,97,196,34,121,2022-03-06,2558
406,3263,256,148,43,139,2022-03-07,3710
407,4799,347,271,68,190,2022-03-08,5485
408,3562,220,362,108,306,2022-03-09,4252
409,3831,175,226,79,178,2022-03-10,4311
410,4665,186,260,123,176,2022-03-11,5234
411,4321,209,267,87,114,2022-03-12,4884
412,3079,108,155,38,106,2022-03-13,3380
413,3530,190,239,39,184,2022-03-14,3998
414,3969,309,192,40,172,2022-03-15,4510
415,2290,201,81,25,77,2022-03-16,2597
416,2568,153,261,42,236,2022-03-17,3024
417,1476,73,78,30,67,2022-03-18,1657
418,1484,133,71,10,58,2022-03-19,1698
419,1383,71,70,11,35,2022-03-20,1535
420,1993,101,109,37,46,2022-03-21,2240
421,2043,102,148,22,93,2022-03-22,2315
422,2206,185,125,27,101,2022-03-23,2543
423,3307,240,200,47,121,2022-03-24,3794
424,1956,70,177,38,153,2022-03-25,2241
425,1100,124,56,46,68,2022-03-26,1326
426,1127,130,50,19,39,2022-03-27,1326
427,3198,314,181,69,129,2022-03-28,3762
428,1670,164,67,4,47,2022-03-29,1905
429,2704,147,162,39,118,2022-03-30,3052
430,2038,230,84,23,84,2022-03-31,2375
431,3962,337,201,67,193,2022-04-01,4567
432,1817,36,108,44,156,2022-04-02,2005
433,2489,83,82,44,139,2022-04-03,2698
434,3805,158,201,72,180,2022-04-04,4236
435,3064,124,181,77,137,2022-04-05,3446
436,2654,144,109,49,84,2022-04-06,2956
437,2505,118,129,28,122,2022-04-07,2780
438,2786,169,148,42,118,2022-04-08,3145
439,1887,291,75,19,89,2022-04-09,2272
440,1655,140,132,40,117,2022-04-10,1967
441,572,136,17,9,27,2022-04-11,734
442,1024,52,49,14,51,2022-04-12,1139
443,2574,155,114,10,144,2022-04-13,2853
444,2916,181,106,47,112,2022-04-14,3250
445,1387,44,59,29,79,2022-04-15,1519
446,1071,59,30,8,53,2022-04-16,1168
447,1135,147,21,22,77,2022-04-17,1325
448,1801,128,109,30,137,2022-04-18,2068
449,1909,98,117,86,99,2022-04-19,2210
450,2187,90,56,13,129,2022-04-20,2346
451,2209,72,120,21,116,2022-04-21,2422
452,2961,231,146,80,137,2022-04-22,3418
453,2432,131,164,155,129,2022-04-23,2882
454,1627,63,107,46,98,2022-04-24,1843
455,1504,96,66,52,77,2022-04-25,1718
456,2189,150,234,262,151,2022-04-26,2835
457,1696,128,102,100,124,2022-04-27,2026
458,3295,235,190,120,154,2022-04-28,3840
459,2174,166,191,187,133,2022-04-29,2718
460,2465,93,102,97,100,2022-04-30,2757
461,1591,96,147,79,94,2022-05-01,1913
462,1927,244,69,70,111,2022-05-02,2310
463,2302,85,78,22,105,2022-05-03,2487
464,1899,216,138,37,134,2022-05-04,2290
465,1573,43,50,11,132,2022-05-05,1677
466,1800,100,102,39,69,2022-05-06,2041
467,1250,187,67,22,68,2022-05-07,1526
468,2213,83,90,55,85,2022-05-08,2441
469,4013,160,241,52,193,2022-05-09,4466
470,3684,156,161,36,175,2022-05-10,4037
471,4020,175,185,77,185,2022-05-11,4457
472,1924,62,150,51,160,2022-05-12,2187
473,2854,166,137,47,157,2022-05-13,3204
474,3483,410,134,17,150,2022-05-14,4044
475,4735,354,255,109,232,2022-05-15,5453
476,3325,118,111,20,156,2022-05-16,3574
477,3432,140,184,50,134,2022-05-17,3806
478,3568,412,178,62,153,2022-05-18,4220
479,4576,211,233,81,187,2022-05-19,5101
480,2304,124,123,63,197,2022-05-20,2614
481,1236,184,54,16,72,2022-05-21,1490
482,2296,161,111,30,112,2022-05-22,2598
483,2855,112,135,60,141,2022-05-23,3162
484,3504,186,122,42,172,2022-05-24,3854
485,4484,240,210,56,227,2022-05-25,4990
486,4698,309,187,57,194,2022-05-26,5251
487,1869,262,84,22,74,2022-05-27,2237
488,2213,253,174,70,180,2022-05-28,2710
489,3037,78,92,67,185,2022-05-29,3274
490,4254,317,209,49,179,2022-05-30,4829
491,3514,184,235,42,175,2022-05-31,3975
492,3548,140,120,44,202,2022-06-01,3852
493,3280,202,186,43,150,2022-06-02,3711
494,2278,167,95,24,73,2022-06-03,2564
495,3237,356,169,27,110,2022-06-04,3789
496,6499,858,405,50,400,2022-06-05,7812
497,2934,139,108,32,178,2022-06-06,3213
498,4075,484,227,63,189,2022-06-07,4849
499,4983,686,355,44,233,2022-06-08,6068
500,3614,324,154,51,205,2022-06-09,4143
501,2259,264,114,60,94,2022-06-10,2697
502,3981,292,148,39,102,2022-06-11,4460
503,4339,175,207,78,152,2022-06-12,4799
504,4511,455,264,51,262,2022-06-13,5281
505,5019,319,225,69,261,2022-06-14,5632
506,4434,414,189,73,181,2022-06-15,5110
507,4149,490,240,31,184,2022-06-16,4910
508,3092,348,103,64,187,2022-06-17,3607
509,2364,316,46,48,85,2022-06-18,2774
510,3895,311,84,95,114,2022-06-19,4385
511,4724,297,84,141,193,2022-06-20,5246
512,5545,703,131,114,501,2022-06-21,6493
513,3331,140,39,79,280,2022-06-22,3589
514,7152,489,158,104,416,2022-06-23,7903
515,2199,168,51,51,119,2022-06-24,2469
516,4573,470,89,69,280,2022-06-25,5201
517,5044,476,73,33,279,2022-06-26,5626
518,2815,505,67,51,152,2022-06-27,3438
519,5736,249,91,71,269,2022-06-28,6147
520,3175,428,76,45,172,2022-06-29,3724
521,3585,780,63,47,199,2022-06-30,4475
522,3908,395,71,78,238,2022-07-01,4452
523,4310,526,73,70,213,2022-07-02,4979
524,5255,291,95,110,266,2022-07-03,5751
525,3577,354,79,67,218,2022-07-04,4077
526,2374,220,44,18,128,2022-07-05,2656
527,4531,210,69,40,247,2022-07-06,4850
528,3300,140,67,65,249,2022-07-07,3572
529,1254,382,27,29,75,2022-07-08,1692
530,1626,190,34,30,112,2022-07-09,1880
531,3274,1006,81,38,225,2022-07-10,4399
532,3380,231,62,52,186,2022-07-11,3725
533,4801,245,72,29,288,2022-07-12,5147
534,2750,495,43,26,99,2022-07-13,3314
535,2998,226,68,12,201,2022-07-14,3304
536,2070,610,18,38,93,2022-07-15,2736
537,3171,166,61,84,180,2022-07-16,3482
538,4172,448,84,40,223,2022-07-17,4744
539,4180,403,67,36,299,2022-07-18,4686
540,5658,1002,92,66,302,2022-07-19,6818
541,3686,1102,74,42,171,2022-07-20,4904
542,5590,797,77,66,277,2022-07-21,6530
543,3736,414,65,23,188,2022-07-22,4238
544,3581,697,48,22,172,2022-07-23,4348
545,2756,811,39,32,122,2022-07-24,3638
546,2953,381,40,31,193,2022-07-25,3405
547,2373,280,43,59,147,2022-07-26,2755
548,3246,661,59,22,132,2022-07-27,3988
549,3749,752,48,33,194,2022-07-28,4582
550,2657,133,37,46,159,2022-07-29,2873
551,4178,398,56,48,176,2022-07-30,4680
552,3818,397,63,25,178,2022-07-31,4303
553,3565,566,53,31,161,2022-08-01,4215
554,3625,469,41,19,202,2022-08-02,4154
555,3189,283,42,17,267,2022-08-03,3531
556,3177,583,49,18,261,2022-08-04,3827
557,3813,622,59,34,251,2022-08-05,4528
558,5153,566,52,46,344,2022-08-06,5817
559,3643,1203,49,18,207,2022-08-07,4913
560,3187,654,32,20,176,2022-08-08,3893
561,4046,738,48,35,326,2022-08-09,4867
562,2625,477,45,60,223,2022-08-10,3207
563,4835,544,63,87,365,2022-08-11,5529
564,3218,1485,24,21,116,2022-08-12,4748
565,4782,1333,22,19,313,2022-08-13,6156
566,4166,683,28,20,259,2022-08-14,4897
567,5861,505,34,35,357,2022-08-15,6435
568,4499,1283,29,27,202,2022-08-16,5838
569,4295,554,40,35,252,2022-08-17,4924
570,3328,677,30,19,249,2022-08-18,4054
571,3000,780,24,17,163,2022-08-19,3821
572,2522,494,18,16,169,2022-08-20,3050
573,5006,201,46,74,285,2022-08-21,5327
574,4427,306,32,61,290,2022-08-22,4826
575,3810,203,20,57,250,2022-08-23,4090
576,6022,182,56,95,347,2022-08-24,6355
577,6363,161,43,60,422,2022-08-25,6627
578,3558,336,25,34,278,2022-08-26,3953
579,3693,371,36,33,339,2022-08-27,4133
580,4712,227,47,28,263,2022-08-28,5014
581,4828,328,60,88,286,2022-08-29,5304
582,4183,540,40,41,265,2022-08-30,4804
583,3324,97,28,19,185,2022-08-31,3468
584,3498,214,50,60,263,2022-09-01,3822
585,2860,194,23,18,196,2022-09-02,3095
586,2511,200,30,37,199,2022-09-03,2778
587,3589,205,21,22,247,2022-09-04,3837
588,4639,126,50,50,362,2022-09-05,4865
589,5820,187,50,50,544,2022-09-06,6107
590,5192,191,41,55,332,2022-09-07,5479
591,3398,164,50,38,281,2022-09-08,3650
592,4860,121,35,62,491,2022-09-09,5078
593,3978,275,45,82,327,2022-09-10,4380
594,3196,198,39,42,163,2022-09-11,3475
595,4776,248,34,24,319,2022-09-12,5082
596,3801,190,28,25,258,2022-09-13,4044
597,5221,98,28,60,360,2022-09-14,5407
598,4162,218,41,65,310,2022-09-15,4486
599,2297,83,7,17,135,2022-09-16,2404
600,3089,54,13,21,271,2022-09-17,3177
601,4480,164,31,28,337,2022-09-18,4703
602,4179,120,31,29,304,2022-09-19,4359
603,4665,192,35,40,338,2022-09-20,4932
604,4633,168,23,61,380,2022-09-21,4885
605,3987,91,27,23,327,2022-09-22,4128
606,3096,99,26,20,326,2022-09-23,3241
607,2763,162,12,11,313,2022-09-24,2948
608,3749,119,17,101,307,2022-09-25,3986
609,3654,250,20,23,258,2022-09-26,3947
610,3435,473,21,34,235,2022-09-27,3963
611,3379,435,17,45,216,2022-09-28,3876
612,2698,345,32,55,155,2022-09-29,3130
613,2685,473,19,16,126,2022-09-30,3193
614,3258,359,45,95,210,2022-10-01,3757
615,2758,549,24,77,158,2022-10-02,3408
616,2088,503,15,59,66,2022-10-03,2665
617,2025,535,12,16,107,2022-10-04,2588
618,2024,451,16,29,111,2022-10-05,2520
619,2241,582,16,65,163,2022-10-06,2904
620,1372,486,13,22,78,2022-10-07,1893
621,568,244,12,11,36,2022-10-08,835
622,1570,377,21,22,72,2022-10-09,1990
623,3424,295,23,51,281,2022-10-10,3793
624,2252,230,16,44,104,2022-10-11,2542
625,2743,48,21,36,186,2022-10-12,2848
626,2818,93,23,38,324,2022-10-13,2972
627,2347,409,11,6,165,2022-10-14,2773
628,1643,48,8,14,89,2022-10-15,1713
629,1319,236,17,17,60,2022-10-16,1589
630,2901,179,15,24,179,2022-10-17,3119
631,3174,72,10,18,214,2022-10-18,3274
632,2634,65,30,57,177,2022-10-19,2786
633,2825,77,29,59,241,2022-10-20,2990
634,3233,111,23,23,235,2022-10-21,3390
635,3422,142,61,148,259,2022-10-22,3773
636,2722,61,39,107,269,2022-10-23,2929
637,4535,108,31,32,299,2022-10-24,4706
638,4030,360,24,37,269,2022-10-25,4451
639,3034,517,19,11,120,2022-10-26,3581
640,3340,537,28,46,218,2022-10-27,3951
641,2944,448,20,31,203,2022-10-28,3443
642,1065,269,9,7,52,2022-10-29,1350
643,2930,342,21,12,185,2022-10-30,3305
644,3569,491,27,9,277,2022-10-31,4096
645,2948,582,18,20,223,2022-11-01,3568
646,3559,318,30,24,223,2022-11-02,3931
647,3987,485,39,15,337,2022-11-03,4526
648,3268,505,24,5,242,2022-11-04,3802
649,2796,159,21,8,174,2022-11-05,2984
650,2127,268,17,17,100,2022-11-06,2429
651,2662,433,16,6,164,2022-11-07,3117
652,2882,449,19,17,220,2022-11-08,3367
653,2454,317,25,15,218,2022-11-09,2811
654,1691,276,13,20,182,2022-11-10,2000
655,1315,234,11,12,153,2022-11-11,1572
656,2492,451,12,14,243,2022-11-12,2969
657,1038,237,6,1,57,2022-11-13,1282
658,3680,321,26,6,267,2022-11-14,4033
659,2879,334,19,21,206,2022-11-15,3253
660,3010,384,26,8,231,2022-11-16,3428
661,1701,152,18,11,102,2022-11-17,1882
662,2846,423,28,11,204,2022-11-18,3308
663,3213,298,29,9,264,2022-11-19,3549
664,2163,120,20,4,237,2022-11-20,2307
665,2800,325,11,11,206,2022-11-21,3147
666,2121,200,14,4,111,2022-11-22,2339
667,2738,240,12,8,160,2022-11-23,2998
668,1664,375,23,3,106,2022-11-24,2065
669,2491,340,17,7,208,2022-11-25,2855
670,3224,295,23,9,298,2022-11-26,3551
671,3043,263,17,7,314,2022-11-27,3330
672,4211,300,27,5,300,2022-11-28,4543
673,4447,240,52,28,356,2022-11-29,4767
674,3715,224,35,10,363,2022-11-30,3984
675,3241,246,18,7,257,2022-12-01,3512
676,2982,286,28,13,267,2022-12-02,3309
677,1036,86,6,3,119,2022-12-03,1131
678,2146,76,18,6,214,2022-12-04,2246
679,4007,324,27,27,245,2022-12-05,4385
680,2955,483,41,35,165,2022-12-06,3514
681,2626,343,30,17,248,2022-12-07,3016
682,2791,256,26,40,271,2022-12-08,3113
683,4806,274,25,16,410,2022-12-09,5121
684,2422,268,19,4,218,2022-12-10,2713
685,2827,189,20,7,264,2022-12-11,3043
686,2745,298,15,3,194,2022-12-12,3061
687,3095,280,18,2,195,2022-12-13,3395
688,2684,120,30,34,253,2022-12-14,2868
689,2786,107,45,18,499,2022-12-15,2956
690,2136,114,17,12,518,2022-12-16,2279
691,1615,65,17,39,254,2022-12-17,1736
692,2151,139,51,3,125,2022-12-18,2344
693,3776,73,33,14,292,2022-12-19,3896
694,3173,76,31,19,443,2022-12-20,3299
695,1321,33,9,1,193,2022-12-21,1364
696,3152,45,16,11,278,2022-12-22,3224
697,2216,34,22,12,202,2022-12-23,2284
698,1236,19,9,16,139,2022-12-24,1280
699,1825,49,5,7,132,2022-12-25,1886
700,2234,65,14,7,485,2022-12-26,2320
701,2138,71,30,17,367,2022-12-27,2256
702,1092,53,12,5,137,2022-12-28,1162
703,2071,52,12,11,274,2022-12-29,2146
704,2329,58,28,7,218,2022-12-30,2422
705,649,30,7,1,75,2022-12-31,687
706,1709,49,23,0,176,2023-01-01,1781
707,2721,132,29,17,216,2023-01-02,2899
708,1677,33,16,24,175,2023-01-03,1750
709,1553,96,23,9,152,2023-01-04,1681
710,3265,70,17,10,320,2023-01-05,3362
711,2646,47,25,7,424,2023-01-06,2725
712,1348,30,14,15,136,2023-01-07,1407
713,2214,53,28,3,164,2023-01-08,2298
714,3108,59,42,14,268,2023-01-09,3223
715,4007,111,34,26,430,2023-01-10,4178
716,2682,70,29,12,261,2023-01-11,2793
717,2295,58,24,14,250,2023-01-12,2391
718,1395,288,29,5,162,2023-01-13,1717
719,1293,48,13,16,87,2023-01-14,1370
720,1563,41,12,14,144,2023-01-15,1630
721,2034,50,21,41,235,2023-01-16,2146
722,1401,31,13,14,114,2023-01-17,1459
723,1934,127,16,12,186,2023-01-18,2089
724,1430,62,14,8,86,2023-01-19,1514
725,2586,165,38,14,188,2023-01-20,2803
726,2446,182,17,2,240,2023-01-21,2647
727,2632,262,28,10,181,2023-01-22,2932
728,3562,202,20,12,285,2023-01-23,3796
729,4155,234,37,17,493,2023-01-24,4443
730,4075,350,19,10,303,2023-01-25,4454
731,2448,191,33,6,338,2023-01-26,2678
732,2875,237,35,7,257,2023-01-27,3154
733,3234,72,18,6,456,2023-01-28,3330
734,2225,239,43,29,207,2023-01-29,2536
735,2718,150,40,55,362,2023-01-30,2963
736,1894,130,18,4,228,2023-01-31,2046
737,3395,76,28,16,319,2023-02-01,3515
738,2718,353,41,18,280,2023-02-02,3130
739,2473,148,11,5,332,2023-02-03,2637
740,1547,78,16,1,306,2023-02-04,1642
741,4672,86,36,9,390,2023-02-05,4803
742,3010,342,36,12,267,2023-02-06,3400
743,1889,323,7,8,296,2023-02-07,2227
744,4069,323,23,6,511,2023-02-08,4421
745,3041,392,37,10,321,2023-02-09,3480
746,2357,201,22,3,246,2023-02-10,2583
747,1214,322,7,9,69,2023-02-11,1552
748,1828,257,21,7,154,2023-02-12,2113
749,1125,96,11,1,106,2023-02-13,1233
750,1907,375,13,8,147,2023-02-14,2303
751,2279,55,17,6,237,2023-02-15,2357
752,1355,52,13,21,184,2023-02-16,1441
753,3756,97,30,57,363,2023-02-17,3940
754,982,36,12,4,97,2023-02-18,1034
755,1306,43,11,10,131,2023-02-19,1370
756,1235,67,15,9,83,2023-02-20,1326
757,1443,107,12,13,117,2023-02-21,1575
758,2009,92,19,19,93,2023-02-22,2139
759,1839,114,12,4,182,2023-02-23,1969
760,2751,76,22,15,328,2023-02-24,2864
761,913,40,4,7,100,2023-02-25,964
762,1829,23,10,3,197,2023-02-26,1865
763,3545,81,27,25,279,2023-02-27,3678
764,2338,53,15,12,202,2023-02-28,2418
765,1850,37,14,7,199,2023-03-01,1908
766,1023,20,9,7,79,2023-03-02,1059
767,1785,31,10,9,187,2023-03-03,1835
768,1178,25,8,8,67,2023-03-04,1219
769,2479,75,20,4,166,2023-03-05,2578
770,2247,187,31,9,138,2023-03-06,2474
771,2853,437,21,12,162,2023-03-07,3323
772,2234,245,14,6,133,2023-03-08,2499
773,2427,382,11,11,170,2023-03-09,2831
774,2883,322,19,25,193,2023-03-10,3249
775,1374,359,13,20,87,2023-03-11,1766
776,1739,344,5,4,109,2023-03-12,2092
777,1353,531,16,5,66,2023-03-13,1905
778,2344,484,21,15,224,2023-03-14,2864
779,1391,244,7,12,153,2023-03-15,1654
780,1870,232,13,7,162,2023-03-16,2122
781,1811,331,11,10,326,2023-03-17,2163
782,995,19,15,11,218,2023-03-18,1040
783,2027,186,23,14,161,2023-03-19,2250
784,2644,382,51,10,191,2023-03-20,3087
785,2845,385,20,10,182,2023-03-21,3260
786,4353,469,44,21,336,2023-03-22,4887
787,3411,376,25,11,318,2023-03-23,3823
788,3479,402,19,14,242,2023-03-24,3914
789,3071,401,22,31,254,2023-03-25,3525
790,2013,377,21,13,244,2023-03-26,2424
791,2807,496,25,23,262,2023-03-27,3351
792,2055,313,5,9,240,2023-03-28,2382
793,1869,119,14,6,544,2023-03-29,2008
794,1241,134,14,14,95,2023-03-30,1403
795,1872,375,12,14,169,2023-03-31,2273
